{"cameraMode":{"drawMode":0,"name":"Shaded","section":"Shading Mode"},"sceneLighting":true,"audioPlay":false,"sceneViewState":{"showFog":false,"showMaterialUpdate":true,"showSkybox":true,"showFlares":true,"showImageEffects":true,"showParticleSystems":true},"in2DMode":false,"pivot":{"x":0.0047686100006103519,"y":6.614248752593994,"z":-0.13134336471557618},"rotation":{"x":0.1284773200750351,"y":0.7507901191711426,"z":-0.1532166749238968,"w":0.629563570022583},"size":71.26065063476563,"orthographic":false}