{"cameraMode":{"drawMode":0,"name":"Shaded","section":"Shading Mode"},"sceneLighting":false,"audioPlay":false,"sceneViewState":{"showFog":false,"showMaterialUpdate":true,"showSkybox":false,"showFlares":true,"showImageEffects":true,"showParticleSystems":true},"in2DMode":false,"pivot":{"x":0.5474758148193359,"y":2.99008846282959,"z":1.2860040664672852},"rotation":{"x":0.10177890211343765,"y":0.18686333298683167,"z":-0.019468631595373155,"w":0.9769141674041748},"size":7.253829479217529,"orthographic":false}