{"cameraMode":{"drawMode":0,"name":"Shaded","section":"Shading Mode"},"sceneLighting":true,"audioPlay":false,"sceneViewState":{"showFog":false,"showMaterialUpdate":true,"showSkybox":true,"showFlares":true,"showImageEffects":true,"showParticleSystems":true},"in2DMode":false,"pivot":{"x":-4.541116237640381,"y":10.141618728637696,"z":33.55859375},"rotation":{"x":0.27305084466934206,"y":0.19033055007457734,"z":-0.055207736790180209,"w":0.9413710832595825},"size":51.76500701904297,"orthographic":false}