{"cameraMode":{"drawMode":0,"name":"Shaded","section":"Shading Mode"},"sceneLighting":true,"audioPlay":false,"sceneViewState":{"showFog":false,"showMaterialUpdate":true,"showSkybox":true,"showFlares":true,"showImageEffects":true,"showParticleSystems":true},"in2DMode":false,"pivot":{"x":-36.3957633972168,"y":13.204442977905274,"z":44.054378509521487},"rotation":{"x":0.13384412229061128,"y":0.700704038143158,"z":-0.13643869757652284,"w":0.6873820424079895},"size":58.21647644042969,"orthographic":false}