{"cameraMode":{"drawMode":0,"name":"Shaded","section":"Shading Mode"},"sceneLighting":true,"audioPlay":false,"sceneViewState":{"showFog":true,"showMaterialUpdate":false,"showSkybox":true,"showFlares":true,"showImageEffects":true,"showParticleSystems":true},"in2DMode":false,"pivot":{"x":137.0880126953125,"y":-45.86022186279297,"z":-304.2325439453125},"rotation":{"x":0.018368056043982507,"y":0.9809288382530212,"z":-0.11678724735975266,"w":0.1542784720659256},"size":218.31411743164063,"orthographic":false}